age,sex,bmi,children,smoker,region,Charges
19,0,27.9,0,1,1,25599.042924402645
45,1,33.1,2,0,2,11105.540164138707
32,0,26.8,1,0,0,4837.665619720909
58,1,29.5,0,1,3,36634.423373711776
23,0,24.7,0,0,0,1438.8736195693782
36,1,31.2,3,0,1,8219.804941683495
52,0,34.4,2,1,2,37360.59983970754
47,1,28.9,1,0,3,10221.466672184066
23,0,45.3,0,1,0,31881.73856860018
